{
    "hongshe": 0.14378401637077332,
    "zishe": 0.169648215174675,
    "pangdashe": 0.5995892286300659,
    "shoushe": 0.2667386829853058,
    "hongdianshe": 0.5225662589073181,
    "liewenshe": 0.5413857102394104,
    "chihenshe": 0.38487905263900757,
    "baitaishe": 0.5344333052635193,
    "huangtaishe": 0.28903645277023315,
    "huataishe": 0.3660200834274292
}